commercial,commercial,green space,green space,green space,green space,residential,residential,residential,residential,residential,residential,residential,residential,residential,residential,residential,green space,green space,residential,residential,residential,residential,residential,residential
commercial,commercial,commercial,commercial,commercial,commercial,commercial,commercial,residential,commercial,commercial,residential,residential,residential,commercial,residential,commercial,commercial,commercial,commercial,commercial,commercial,commercial,commercial,commercial
commercial,commercial,commercial,commercial,commercial,commercial,commercial,commercial,commercial,commercial,commercial,commercial,commercial,commercial,commercial,commercial,commercial,commercial,commercial,commercial,commercial,commercial,commercial,commercial,commercial
commercial,commercial,commercial,commercial,commercial,commercial,commercial,commercial,commercial,commercial,commercial,commercial,commercial,commercial,commercial,commercial,commercial,green space,green space,green space,green space,residential,commercial,residential,commercial
commercial,commercial,commercial,commercial,commercial,commercial,commercial,commercial,commercial,commercial,commercial,commercial,commercial,commercial,commercial,commercial,commercial,green space,green space,green space,green space,commercial,residential,residential,commercial
commercial,commercial,residential,commercial,residential,commercial,commercial,commercial,commercial,commercial,commercial,residential,residential,residential,residential,commercial,commercial,commercial,commercial,commercial,commercial,commercial,commercial,commercial,commercial
commercial,commercial,commercial,commercial,commercial,residential,commercial,commercial,commercial,commercial,commercial,residential,residential,residential,commercial,commercial,commercial,commercial,commercial,commercial,commercial,commercial,commercial,commercial,commercial
commercial,commercial,residential,commercial,commercial,commercial,residential,commercial,commercial,commercial,commercial,commercial,commercial,commercial,commercial,commercial,commercial,commercial,commercial,commercial,commercial,commercial,commercial,commercial,commercial
commercial,commercial,commercial,commercial,commercial,commercial,commercial,commercial,commercial,commercial,commercial,commercial,commercial,commercial,commercial,commercial,commercial,commercial,commercial,commercial,commercial,commercial,commercial,commercial,commercial
commercial,commercial,commercial,commercial,commercial,commercial,commercial,commercial,commercial,commercial,commercial,residential,residential,residential,commercial,commercial,commercial,commercial,commercial,commercial,commercial,commercial,commercial,commercial,commercial
commercial,commercial,commercial,commercial,commercial,commercial,commercial,commercial,commercial,commercial,commercial,residential,residential,commercia,residential,residential,residential,commercial,commercial,commercial,commercial,commercial,commercial,commercial,commercial
commercial,commercial,commercial,commercial,commercial,commercial,commercial,commercial,commercial,commercial,commercial,commercial,commercial,commercial,commercial,commercial,commercial,commercial,commercial,commercial,commercial,commercial,commercial,commercial,commercial
commercial,commercial,commercial,commercial,commercial,commercial,commercial,commercial,commercial,commercial,commercial,commercial,commercial,commercial,commercial,commercial,commercial,commercial,commercial,commercial,commercial,commercial,commercial,commercial,commercial
commercial,commercial,commercial,commercial,commercial,commercial,commercial,commercial,commercial,commercial,commercial,commercial,commercial,commercial,commercial,commercial,commercial,commercial,commercial,commercial,commercial,commercial,commercial,commercial,commercial
commercial,commercial,commercial,commercial,commercial,commercial,commercial,commercial,commercial,commercial,commercial,commercial,commercial,commercial,commercial,commercial,commercial,commercial,commercial,commercial,commercial,commercial,commercial,commercial,commercial
commercial,commercial,commercial,commercial,commercial,commercial,commercial,commercial,commercial,commercial,commercial,commercial,commercial,undevelopable,undevelopable,undevelopable,undevelopable,undevelopable,undevelopable,undevelopable,undevelopable,undevelopable,undevelopable,commercial,commercial
commercial,commercial,commercial,commercial,commercial,commercial,commercial,commercial,undevelopable,undevelopable,undevelopable,undevelopable,undevelopable,undevelopable,undevelopable,undevelopable,undevelopable,undevelopable,undevelopable,undevelopable,undevelopable,undevelopable,undevelopable,water,water
commercial,commercial,commercial,commercial,commercial,undevelopable,undevelopable,undevelopable,undevelopable,undevelopable,undevelopable,undevelopable,undevelopable,undevelopable,undevelopable,undevelopable,undevelopable,undevelopable,undevelopable,undevelopable,undevelopable,water,water,water,water
undevelopable,undevelopable,undevelopable,undevelopable,undevelopable,undevelopable,undevelopable,undevelopable,undevelopable,undevelopable,undevelopable,undevelopable,undevelopable,undevelopable,undevelopable,undevelopable,undevelopable,undevelopable,undevelopable,undevelopable,water,water,water,water,water
undevelopable,undevelopable,undevelopable,undevelopable,undevelopable,undevelopable,undevelopable,undevelopable,undevelopable,undevelopable,undevelopable,undevelopable,undevelopable,undevelopable,undevelopable,undevelopable,undevelopable,undevelopable,undevelopable,water,water,water,water,water,water
undevelopable,undevelopable,undevelopable,undevelopable,undevelopable,undevelopable,undevelopable,undevelopable,undevelopable,undevelopable,undevelopable,undevelopable,undevelopable,undevelopable,undevelopable,undevelopable,undevelopable,undevelopable,water,water,water,water,water,water,water
undevelopable,undevelopable,undevelopable,undevelopable,undevelopable,undevelopable,undevelopable,undevelopable,undevelopable,undevelopable,undevelopable,undevelopable,undevelopable,undevelopable,undevelopable,undevelopable,undevelopable,water,water,water,water,water,water,water,water
undevelopable,undevelopable,undevelopable,undevelopable,undevelopable,undevelopable,undevelopable,undevelopable,undevelopable,undevelopable,undevelopable,undevelopable,undevelopable,undevelopable,undevelopable,undevelopable,water,water,water,water,water,water,water,water,water
undevelopable,undevelopable,undevelopable,undevelopable,undevelopable,undevelopable,undevelopable,undevelopable,undevelopable,undevelopable,undevelopable,undevelopable,undevelopable,undevelopable,undevelopable,water,water,water,water,water,water,water,water,water,water
undevelopable,undevelopable,undevelopable,undevelopable,undevelopable,undevelopable,undevelopable,undevelopable,undevelopable,undevelopable,undevelopable,undevelopable,undevelopable,undevelopable,water,water,water,water,water,water,water,water,water,water,water
